출처,포함여부,분류,서비스,이슈,가격언급,제목,근거,URL
DC인사이드,포함,핵심 불편·문제,웨딩홀,가격·견적 정보,"15만원, 9만원","""요즘 축의금 15만원이나 내야 하나""…결혼식장 식대 얼마길래","""요즘 축의금 15만원이나 내야 하나""…결혼식장 식대 얼마길래 ""요즘 축의금 15만원이나 내야 하나""…결혼식장 식대 얼마길래 결갤러 (121.171) 2026.01.30 23:48:40 스크랩 조회 273 추천 0 댓글 0 ㄷㄷ ""요즘 축의금 15만원이나 내야 하나""…결혼식장 식대 얼마길래 서울 강남권 예식장의 1인당 식대가 9만원을 넘어…",https://gall.dcinside.com/board/view/?id=wedding&no=69752
DC인사이드,포함,핵심 불편·문제,스튜디오·촬영,예상 밖 추가비용,,11년전 나한테 소송당한 웨딩촬영 업체 살아있나ㅋㅋ,"11년전 나한테 소송당한 웨딩촬영 업체 살아있나ㅋㅋ 11년전 나한테 소송당한 웨딩촬영 업체 살아있나ㅋㅋ 모바일에서 작성 ㅇㅇ (211.245) 2026.03.10 02:58:55 스크랩 조회 121 추천 0 댓글 0 계약서에도 안적은거 추가금 받아내려고 액자랑 원본사진 안주다가 촬영비용전액, 앨범, 액자, 원본 싹다 주라고 판결받은 쓰레기…",https://gall.dcinside.com/board/view/?id=wedding&no=71764
DC인사이드,포함,핵심 불편·문제,,선택 피로·정보 부족,,결혼 준비하시는분들,등등 직접 막막함을 경험해보고 도움을 줄 수있는 앱이나 웹이 있었으면 좋겠다 라고 생각을 하다가 요즘시대에 아직도 웨딩 플래너를 직접 컨택해서 웨딩 준비를 하지?,https://gall.dcinside.com/board/view/?id=wedding&no=71908
DC인사이드,포함,핵심 불편·문제,,가격·견적 정보,,결혼식 비용 견적,결혼식 비용 견적 결혼식 비용 견적 결갤러 (182.220) 2026.03.20 16:38:49 스크랩 조회 355 추천 0 댓글 5 결혼식 비용 계산뽑아보고 있는데 어떤가요 많이 러프하게 잡았는데 더 아끼고 싶어서...,https://gall.dcinside.com/board/view/?id=wedding&no=72393
DC인사이드,포함,핵심 불편·문제,"웨딩홀, 드레스",가격·견적 정보,,결혼식 비용 아끼는 방법 떴다 국립공원 무료 웨딩,결혼식 비용 아끼는 방법 떴다 국립공원 무료 웨딩 결혼식 비용 아끼는 방법 떴다 국립공원 무료 웨딩 결갤러 (115.23) 2026.03.09 15:15:49 스크랩 조회 173 추천 0 댓글 0 신청 방법 체크! / 이번 사업은 청년 예비부부의 예식 비용 부담을 www.thetrippick.com 결혼식 비용 때문에 고민하는 예비부부들…,https://gall.dcinside.com/board/view/?id=wedding&no=71740
DC인사이드,포함,핵심 불편·문제,"웨딩홀, 스튜디오·촬영, 드레스, 메이크업, 플래너","예상 밖 추가비용, 가격·견적 정보, 계약·취소·환불, 제휴·수수료 구조","100만원, 30만원, 50만원",결혼식 싸게했다 팁 공유,집 대출때문에 로망은 없어서 난 가능했음 일단 최대한 비수기에 식장을 잡고 식장은 서울 말고 경기권 지방으로 잡을 것 12시 타임은 비싸니까 애매한 타임이 훨씬 싸고 토욜보다는 일욜이 조금더 싸다. / 웨딩플래너 안쓰고 그냥 직접 웨딩홀에 전화해서 상담 약속 잡고 방문해서 견적 물어보면 된다. / 비수기에 가면 할인도 많고 무료 시식도 준…,https://gall.dcinside.com/board/view/?id=wedding&no=70373
DC인사이드,포함,핵심 불편·문제,,계약·취소·환불,,결혼준비 어렵구만,결혼준비 어렵구만 결혼준비 어렵구만 결갤러 (125.181) 2026.02.07 09:49:23 스크랩 조회 329 추천 2 댓글 11 여친이랑 사귄지는 오래됐고 결혼도 그냥 자연스럽게 준비하게되었음 그러다보니 양가 결혼 허락도 뭐 없고 너네둘이 살아야지 뭐 이런식이라 그냥 얼굴뵙고 인사드리는 자리 가지게 되서 일단 여친네 어머님 뵙는 자…,https://gall.dcinside.com/board/view/?id=wedding&no=70216
DC인사이드,포함,핵심 불편·문제,스드메·패키지,가격·견적 정보,,결혼하는데 얼마정도들어?,결혼하는데 얼마정도들어? / 결혼하는데 얼마정도들어?,https://gall.dcinside.com/board/view/?id=wedding&no=78859
DC인사이드,포함,핵심 불편·문제,드레스,"계약·취소·환불, 선택 피로·정보 부족",,나 이번에 결혼하는데 황당해서 글쓴다,나 이번에 결혼하는데 황당해서 글쓴다 나 이번에 결혼하는데 황당해서 글쓴다 모바일에서 작성 결갤러 (39.117) 2026.06.06 19:45:46 스크랩 조회 222 추천 0 댓글 0 촬영다하고 본식드레스 촬영만 남았는데 갑자기 지들 폐업후 이름 바꾼다고 본식드레스 보는날을 지들 맘대로 날짜를 바꾼다는거임 그래서 약속 다 잡은 사람들…,https://gall.dcinside.com/board/view/?id=wedding&no=76882
DC인사이드,포함,핵심 불편·문제,예물·혼수,일정·예약 관리,,동화주얼리 웨딩밴드 삼담 및 계약 후기,작은 부분 하나까지 “대충” 넘어가지 않고 끝까지 꼼꼼하게 챙겨주시는 곳이라는 게 느껴졌어요. / 정성과 진심으로 상담해주시고 끝까지 세심하게 챙겨주신 동화주얼리 정말 감사합니다 ?,https://gall.dcinside.com/board/view/?id=wedding&no=76243
DC인사이드,포함,핵심 불편·문제,스드메·패키지,계약·취소·환불,,스드메 계약 했는데 이거 환불안됨?,스드메 계약 했는데 이거 환불안됨? / 스드메 계약 했는데 이거 환불안됨? / 모바일에서 작성 결갤러 (118.235) 2026.03.27 23:13:11 스크랩 조회 192 추천 0 댓글 1 아니 계약했는데 일주일도 안되었는데 환불이 안된대 규정이래 계약금 60아였단말야 총금액은 400이고 난 환불규정을 못들엇다고 하니깐 계약서 뒤쪽에…,https://gall.dcinside.com/board/view/?id=wedding&no=72775
DC인사이드,포함,핵심 불편·문제,웨딩홀,일정·예약 관리,,예식장 잡기 좆같네,"예식장 잡기 좆같네 예식장 잡기 좆같네 모바일에서 작성 결갤러 (222.110) 2026.04.10 21:05:36 스크랩 조회 167 추천 0 댓글 1 뭔 예약하려면 상담예약을 해야함 막상 가면 내년 4,5월까지 다 차있음 미친 추천검색 추천 비추천 0 0 개념 추천 개념 비추천 1 실베추 공유 스크랩 신고",https://gall.dcinside.com/board/view/?id=wedding&no=73731
DC인사이드,포함,핵심 불편·문제,스튜디오·촬영,일정·예약 관리,,웨딩촬영 보통 몇시간함?,웨딩촬영 보통 몇시간함? / 웨딩촬영 보통 몇시간함?,https://gall.dcinside.com/board/view/?id=wedding&no=77526
DC인사이드,포함,핵심 불편·문제,스튜디오·촬영,선택 피로·정보 부족,,웨딩촬영 안해서 셀프로 찍으러 다녀야되는데 막막하네,웨딩촬영 안해서 셀프로 찍으러 다녀야되는데 막막하네 웨딩촬영 안해서 셀프로 찍으러 다녀야되는데 막막하네 앱에서 작성 햄모리 2026.06.17 23:24:33 스크랩 조회 189 추천 0 댓글 2 사진도 잘 안 찍고 다녀서 사진감각 없는데 어케 찍지 화장할줄도 모르는데 청첩장사진을 쌩얼로 박을수도 없고 추천검색 추천 비추천 0 0 개념 추…,https://gall.dcinside.com/board/view/?id=wedding&no=77545
DC인사이드,포함,핵심 불편·문제,예물·혼수,계약·취소·환불,,지독한 회피형 부케공방 사장님ㅋ(제발 널리 소문나라!!),그리고 이건 내 스레드보고 어떤 사람이 직접 사장님한테 뭐라고 따져주셨는데 그때 받은 답장이래ㅋㅋ 환불이던지 다시 만들어주던지??,https://gall.dcinside.com/board/view/?id=wedding&no=75005
DC인사이드,포함,핵심 불편·문제,"웨딩홀, 스튜디오·촬영, 드레스, 메이크업, 스드메·패키지",예상 밖 추가비용,,지방 결혼 비용 정리,"[홀] 홀대관 +스드메 패키지 370 = 3,700,000 [식대] 보증인원 150명 인당 46,000 = 69,000,000 [add on] 헬퍼비용 본식 12 웨딩촬영15~25 27 부모님들 한복 총 40 부모님들 메이크업 총 34 신혼여행(비행기, 숙소) 700 결혼반지 +@ = 8,010,000+@ Total 18,610,000 +…",https://gall.dcinside.com/board/view/?id=wedding&no=75575
DC인사이드,포함,핵심 불편·문제,스드메·패키지,가격·견적 정보,,펌) 1시간에 수 천만 원…결혼식 차라리 안 할게요,펌) 1시간에 수 천만 원…결혼식 차라리 안 할게요 펌) 1시간에 수 천만 원…결혼식 차라리 안 할게요 결갤러 (121.171) 2026.03.11 16:48:58 스크랩 조회 198 추천 1 댓글 0 ㄷㄷ ?si=IUyHiQhAoEgoQXmt 1시간에 수천만 원…결혼식 차라리 안 할게요｜크랩 #크랩 #스드메 #결혼식 갈수록 오르는 결혼식…,https://gall.dcinside.com/board/view/?id=wedding&no=71905
DC인사이드,포함,핵심 불편·문제,스튜디오·촬영,"예상 밖 추가비용, 가격·견적 정보","50만 원, 95만 원",펌) 결혼식 끝났는데 또 추가금이라고요??,펌) 결혼식 끝났는데 또 추가금이라고요?? / 펌) 결혼식 끝났는데 또 추가금이라고요?? / 결갤러 (115.89) 2026.07.18 20:02:26 스크랩 조회 93 추천 0 댓글 0 ㄷㄷ ?si=9s5ELtr1u98HiFVL 결혼식 끝났는데 또 추가금이라고요?? / 결혼 관련 컨텐츠는 저번 결혼식 비용 총정리가 마지막일거라고 했는데.…,https://gall.dcinside.com/board/view/?id=wedding&no=79073
DC인사이드,포함,핵심 불편·문제,"플래너, 스드메·패키지",가격·견적 정보,1000만원,펌) 결혼식 비용 총 정리 💸1000만원 이내💸,"펌) 결혼식 비용 총 정리 💸1000만원 이내💸 펌) 결혼식 비용 총 정리 💸1000만원 이내💸 결갤러 (115.89) 2026.07.09 23:19:45 스크랩 조회 338 추천 0 댓글 0 결혼식 비용 총 정리 💸1000만원 이내💸 후회되는점,스드메가격,멍청비용 아끼는방법,웨딩플래너는?! / 결혼식 비용 총 정리 !!!",https://gall.dcinside.com/board/view/?id=wedding&no=78632
DC인사이드,제외,분석 제외,스드메·패키지,,,"""결혼식은 안 해도 되죠?""…'스드메 생략' 노웨딩 번진다",구체적인 웨딩 준비 이슈를 확인하기 어려움,https://gall.dcinside.com/board/view/?id=wedding&no=69651
DC인사이드,제외,분석 제외,드레스,,,(보지 필독) 남자들은 개추 눌러라,웨딩 준비와 무관한 결혼 일반 담론,https://gall.dcinside.com/board/view/?id=wedding&no=74481
DC인사이드,제외,분석 제외,,,,20대 후반 여자 계약입주결혼 현실적으로 수요가 있을까요?,구체적인 웨딩 준비 이슈를 확인하기 어려움,https://gall.dcinside.com/board/view/?id=wedding&no=71341
DC인사이드,제외,분석 제외,,가격·견적 정보,,30대 한녀의 결혼 못하는이유 결갤 분석 꾸준글,30대 한녀의 결혼 못하는이유 결갤 분석 꾸준글 30대 한녀의 결혼 못하는이유 결갤 분석 꾸준글 결갤러 (121.150) 2026.02.07 12:10:32 스크랩 조회 1321 추천 21 댓글 21 국결 인구수 상승 : 결혼10커플중 1커플 비중 현재10% 계속 상승중 노산의 위험성 강조 추세: 아이 생각있는 남자들은 중요한 부분 맞벌이…,https://gall.dcinside.com/board/view/?id=wedding&no=70224
DC인사이드,제외,분석 제외,,,,30살 동갑여친이 전업하라니까 월 1500벌란다.,구체적인 웨딩 준비 이슈를 확인하기 어려움,https://gall.dcinside.com/board/view/?id=wedding&no=73539
DC인사이드,제외,분석 제외,웨딩홀,일정·예약 관리,,40대 미혼틀딱남. 결정사 3개월만에 결혼예정임,"대기업 사무직 - 6살 연하 - 날씬하고, 운동 신경좋고, 생활력 좋고 - mbti도 거의 일치하고 - 본인 능력으로 서울 자가 주택까지 마련 - 예식장 잡자고 먼저 얘기 꺼내는 추진력에 반함 - 직장도, 집도 가깝고 두루두루 다 맞음 - 미혼 틀딱 아조씨 올해 결혼 예정^^ 추천검색 추천 비추천 2 0 개념 추천 개념 비추천 1 실베추…",https://gall.dcinside.com/board/view/?id=wedding&no=71427
DC인사이드,제외,분석 제외,웨딩홀,,8만원,“축의금 달랑 8만원…모르는 사람 4명이 밥 먹고 갔습니다”,“축의금 달랑 8만원…모르는 사람 4명이 밥 먹고 갔습니다” “축의금 달랑 8만원…모르는 사람 4명이 밥 먹고 갔습니다” 결갤러 (121.171) 2026.07.03 11:51:45 스크랩 조회 233 추천 0 댓글 0 ㄷㄷ “축의금 달랑 8만원…모르는 사람 4명이 밥 먹고 갔습니다” 최근 결혼식을 올린 신랑 A씨는 하객들이 남긴 축의금…,https://gall.dcinside.com/board/view/?id=wedding&no=78339
DC인사이드,제외,분석 제외,,,,강원대수학과졸업한 94년생남자,웨딩 준비와 무관한 결혼 일반 담론,https://gall.dcinside.com/board/view/?id=wedding&no=75913
DC인사이드,제외,분석 제외,,,,걍 여기 오는 한녀들 미래 이거라니까,웨딩 준비와 무관한 결혼 일반 담론,https://gall.dcinside.com/board/view/?id=wedding&no=79045
DC인사이드,제외,분석 제외,메이크업,,,결갤 아줌마든 도태한남이든 다 결혼할걸,웨딩 준비와 무관한 결혼 일반 담론,https://gall.dcinside.com/board/view/?id=wedding&no=76752
DC인사이드,제외,분석 제외,,계약·취소·환불,360만원,결정사 사기당한거같다,결정사 사기당한거같다 결정사 사기당한거같다 모바일에서 작성 결갤러 (118.235) 2026.04.18 23:14:04 스크랩 조회 774 추천 8 댓글 10 결정사 유튜버 운영하는 업체인데 360만원짜리 가입했는데 2002년 2001년 2003년 뭐 이런 애들만 매칭되고 3번 만나고 4번째 만남은 좀 멀어서 나만 계속 이동하다보니까 급…,https://gall.dcinside.com/board/view/?id=wedding&no=74115
DC인사이드,제외,분석 제외,,,"150만원, 500만원, 5500만원, 600만원",결정사 여자들 눈높이 알려준다.,"모바일에서 작성 ㅋㅋㅋ (175.223) 2026.03.02 09:47:44 스크랩 조회 346 추천 4 댓글 8 만 39살, 남자, 인서울하위권 공대, 순자산 경기도 다가구주택 8~9억, 수입 월세 500만원, 직업 편의점 자영업, 부모님 초등교사 은퇴 연금 월 600만원, 부모님 순자산 50억 이상(부동산), 누나 독립생계유지 1.36…",https://gall.dcinside.com/board/view/?id=wedding&no=71408
DC인사이드,제외,분석 제외,,,"150만원, 500만원, 5500만원, 600만원",결정사 한녀 눈높이 알려준다,"결정사 한녀 눈높이 알려준다 결정사 한녀 눈높이 알려준다 모바일에서 작성 ㅋㅋㅋ (175.223) 2026.03.02 16:30:14 스크랩 조회 455 추천 4 댓글 4 만 39살, 남자, 인서울하위권 공대, 순자산 경기도 다가구주택 8~9억, 수입 월세 500만원, 직업 전직 공무원, 현재 편의점 자영업, 부모님 초등교사 은퇴 연금 월…",https://gall.dcinside.com/board/view/?id=wedding&no=71447
DC인사이드,제외,분석 제외,,,,결정사에서 안받아준다,웨딩 준비와 무관한 결혼 일반 담론,https://gall.dcinside.com/board/view/?id=wedding&no=72486
DC인사이드,제외,분석 제외,,,,결혼 자체가 매우 구시대적 산물임,웨딩 준비와 무관한 결혼 일반 담론,https://gall.dcinside.com/board/view/?id=wedding&no=79179
DC인사이드,제외,분석 제외,,,,결혼 적령기 라는말은 가스라이팅임.,구체적인 웨딩 준비 이슈를 확인하기 어려움,https://gall.dcinside.com/board/view/?id=wedding&no=76999
DC인사이드,제외,분석 제외,"웨딩홀, 스드메·패키지",,,결혼 준비 체크리스트에 이거 추가해라,웨딩 준비와 무관한 결혼 일반 담론,https://gall.dcinside.com/board/view/?id=wedding&no=76174
DC인사이드,제외,분석 제외,,,,결혼 할려면 무족건 안정적인 직장이 좋겠죠..,구체적인 웨딩 준비 이슈를 확인하기 어려움,https://gall.dcinside.com/board/view/?id=wedding&no=74261
DC인사이드,제외,분석 제외,,,,결혼때문에 이직고민이에요,구체적인 웨딩 준비 이슈를 확인하기 어려움,https://gall.dcinside.com/board/view/?id=wedding&no=75012
DC인사이드,제외,분석 제외,"스튜디오·촬영, 드레스",,3000만원,결혼식 미개한 병신문화 언제 사라지냐,결혼식 미개한 병신문화 언제 사라지냐 결혼식 미개한 병신문화 언제 사라지냐 모바일에서 작성 ㅇㅇ (110.9) 2026.04.09 11:11:07 스크랩 조회 292 추천 7 댓글 12 고작 15~20분 행사에 시발 요즘 물가 생각하면 3000만원 기본임 3000도 거의 제일 작게 하는 케이스 다 똑같은 드레스 웨딩촬영 장소 똑같은 진행…,https://gall.dcinside.com/board/view/?id=wedding&no=73587
DC인사이드,제외,분석 제외,스드메·패키지,,,결혼식 성대하게 하려는 여자는 별로인듯,구체적인 웨딩 준비 이슈를 확인하기 어려움,https://gall.dcinside.com/board/view/?id=wedding&no=70174
DC인사이드,제외,분석 제외,"웨딩홀, 스드메·패키지",,,결혼식 하루에 3-4천 태우는 거,구체적인 웨딩 준비 이슈를 확인하기 어려움,https://gall.dcinside.com/board/view/?id=wedding&no=72908
DC인사이드,제외,분석 제외,드레스,,,결혼을 준비중인 예비부부 대상 설문조사 부탁드려봅니다 !,구체적인 웨딩 준비 이슈를 확인하기 어려움,https://gall.dcinside.com/board/view/?id=wedding&no=71759
DC인사이드,제외,분석 제외,,,,결혼하고싶습니다,구체적인 웨딩 준비 이슈를 확인하기 어려움,https://gall.dcinside.com/board/view/?id=wedding&no=71508
DC인사이드,제외,분석 제외,,,,결혼하고싶습니다,구체적인 웨딩 준비 이슈를 확인하기 어려움,https://gall.dcinside.com/board/view/?id=wedding&no=71367
DC인사이드,제외,분석 제외,,,,계약햇다,구체적인 웨딩 준비 이슈를 확인하기 어려움,https://gall.dcinside.com/board/view/?id=wedding&no=78539
DC인사이드,제외,분석 제외,,,,곧 결혼 예정인데 여자친구 맞벌이 어떻게 시키냐,구체적인 웨딩 준비 이슈를 확인하기 어려움,https://gall.dcinside.com/board/view/?id=wedding&no=77535
DC인사이드,제외,분석 제외,,계약·취소·환불,,근데 30넘은 여자들 보지가 검은색이면 환불되나?,근데 30넘은 여자들 보지가 검은색이면 환불되나? / 근데 30넘은 여자들 보지가 검은색이면 환불되나?,https://gall.dcinside.com/board/view/?id=wedding&no=72799
DC인사이드,제외,분석 제외,,,,근데 난 한녀들이 남자 돈 보고 결혼하겠다는거 이해 되는데?ㅋㅋㅋ,웨딩 준비와 무관한 결혼 일반 담론,https://gall.dcinside.com/board/view/?id=wedding&no=71263
DC인사이드,제외,분석 제외,,,,끝내 노처녀 굴레에 빠진 한국 여자들. 비혼 선언 전부 착각?,웨딩 준비와 무관한 결혼 일반 담론,https://gall.dcinside.com/board/view/?id=wedding&no=79038
DC인사이드,제외,분석 제외,,,,나 회사에 있는데 집안일은 알아서 할 수 없나 ㆍㆍㆍ,구체적인 웨딩 준비 이슈를 확인하기 어려움,https://gall.dcinside.com/board/view/?id=wedding&no=75578
DC인사이드,제외,분석 제외,메이크업,,,난 예쁜 여자 만나기 부담스러움,구체적인 웨딩 준비 이슈를 확인하기 어려움,https://gall.dcinside.com/board/view/?id=wedding&no=73123
DC인사이드,제외,분석 제외,메이크업,,,남성 메이크업 초보자는 이만큼 사면 좋다.,구체적인 웨딩 준비 이슈를 확인하기 어려움,https://gall.dcinside.com/board/view/?id=wedding&no=73928
DC인사이드,제외,분석 제외,"메이크업, 예물·혼수",,,남자 부케 받기 질문,구체적인 웨딩 준비 이슈를 확인하기 어려움,https://gall.dcinside.com/board/view/?id=wedding&no=70270
DC인사이드,제외,분석 제외,,,,"내 동생 얘기인데 이거 말려야대냐, 아님 걍 냅둬야대냐",구체적인 웨딩 준비 이슈를 확인하기 어려움,https://gall.dcinside.com/board/view/?id=wedding&no=73899
DC인사이드,제외,분석 제외,,가격·견적 정보,,내 여동생 이거 미친거맞지?,인테리어 싹다 할거라고함 견적 1천2백잡고있음 지금 얘 하는일이 백화점 판매직인데 계약직인지 정규직인지 월급이 얼만지는 모름.,https://gall.dcinside.com/board/view/?id=wedding&no=74212
DC인사이드,제외,분석 제외,"웨딩홀, 메이크업",,,님들 친척들 축의금 부모님이 가져감?,구체적인 웨딩 준비 이슈를 확인하기 어려움,https://gall.dcinside.com/board/view/?id=wedding&no=73526
DC인사이드,제외,분석 제외,,,100만원,다들 결혼후에 돈 어떻게 함?,"매달 약 100만원씩 상환중. / 저축 : 월 100만원 qqq or snp500에 투자중 와이프(진) 월급 300이상 (교사라서 성과급, 수당 에따라 편차가 있음 평균내면 320~330정도 일듯) 차 : 없음, 지방학교라 조만간 중고차를 구매예정 집 : 내집에서 같이 살고있음 빚 : 없음 취미 : 게임, 요리 스팀에서 콘솔게임사서하는편,…",https://gall.dcinside.com/board/view/?id=wedding&no=72590
DC인사이드,제외,분석 제외,,,,대표가 키크고 잘생김,구체적인 웨딩 준비 이슈를 확인하기 어려움,https://gall.dcinside.com/board/view/?id=wedding&no=71642
DC인사이드,제외,분석 제외,,,,도축제도는 그대로 두고 혼전계약서를 인정하는 식으로,구체적인 웨딩 준비 이슈를 확인하기 어려움,https://gall.dcinside.com/board/view/?id=wedding&no=78412
DC인사이드,제외,분석 제외,,,,맘편하게 결혼포기하는게 나을까요,웨딩 준비와 무관한 결혼 일반 담론,https://gall.dcinside.com/board/view/?id=wedding&no=72554
DC인사이드,제외,분석 제외,,,,미혼남도 부동산계약 할 수 있는데 ㅋㅋㅋ,웨딩 준비와 무관한 결혼 일반 담론,https://gall.dcinside.com/board/view/?id=wedding&no=78432
DC인사이드,제외,분석 제외,,,,부모 죽으면 편의점이나 운영하겠냐 ㅋㅋㅋㅋㅋ,구체적인 웨딩 준비 이슈를 확인하기 어려움,https://gall.dcinside.com/board/view/?id=wedding&no=73451
DC인사이드,제외,분석 제외,,가격·견적 정보,,부정선거는 맞는데 전한길 씨 방법은 아니예요~,전남 광주 행정통합하는 핑계로 새로운 주소 체계로 바꿀 것이라고 한다 ☞ 전남 광주 지역은 광역시가 될 견적이 안 나온다.,https://gall.dcinside.com/board/view/?id=wedding&no=72250
DC인사이드,제외,분석 제외,웨딩홀,,,브라이튼하우스 결혼식 식장 계약 후기,구체적인 웨딩 준비 이슈를 확인하기 어려움,https://gall.dcinside.com/board/view/?id=wedding&no=75257
DC인사이드,제외,분석 제외,드레스,,,"비처녀들은 양심있으면 결혼식,드레스 드립 ㄴㄴ",웨딩 준비와 무관한 결혼 일반 담론,https://gall.dcinside.com/board/view/?id=wedding&no=74005
DC인사이드,제외,분석 제외,드레스,,,비처녀들은 왜 웨딩드레스 입으려함?,웨딩 준비와 무관한 결혼 일반 담론,https://gall.dcinside.com/board/view/?id=wedding&no=72783
DC인사이드,제외,분석 제외,,,,비혼주의자가 바라보는 결혼,구체적인 웨딩 준비 이슈를 확인하기 어려움,https://gall.dcinside.com/board/view/?id=wedding&no=72484
DC인사이드,제외,분석 제외,,,,서른넘으면 남자만나기힘든건 당연한거지,구체적인 웨딩 준비 이슈를 확인하기 어려움,https://gall.dcinside.com/board/view/?id=wedding&no=79165
DC인사이드,제외,분석 제외,,,,설거지 해준다는데도 기싸움 거는 년들은 뭐임?,구체적인 웨딩 준비 이슈를 확인하기 어려움,https://gall.dcinside.com/board/view/?id=wedding&no=78349
DC인사이드,제외,분석 제외,예물·혼수,,,손가락 3개..,구체적인 웨딩 준비 이슈를 확인하기 어려움,https://gall.dcinside.com/board/view/?id=wedding&no=75609
DC인사이드,제외,분석 제외,,,,신혼여행 질문,구체적인 웨딩 준비 이슈를 확인하기 어려움,https://gall.dcinside.com/board/view/?id=wedding&no=71723
DC인사이드,제외,분석 제외,,계약·취소·환불,,신혼집 전세 계약했는데 남편이 등기부등본 확인 안 했다고 함 ㄷㄷ,신혼집 전세 계약했는데 남편이 등기부등본 확인 안 했다고 함 ㄷㄷ 신혼집 전세 계약했는데 남편이 등기부등본 확인 안 했다고 함 ㄷㄷ 사기당할뻔 2026.06.19 12:58:47 스크랩 조회 149 추천 0 댓글 0 저번 달에 친구가 결혼 준비하면서 신혼집 전세 계약했는데 나중에 알고보니 남편이 등기부등본 확인을 제대로 안 했다는 거 근저…,https://gall.dcinside.com/board/view/?id=wedding&no=77633
DC인사이드,제외,분석 제외,,,,신혼집 전세 집주인이 다주택자더라,웨딩 준비와 무관한 결혼 일반 담론,https://gall.dcinside.com/board/view/?id=wedding&no=78198
DC인사이드,제외,분석 제외,,,,아 다음 전세 계약 어카냐?,구체적인 웨딩 준비 이슈를 확인하기 어려움,https://gall.dcinside.com/board/view/?id=wedding&no=74488
DC인사이드,제외,분석 제외,,,,아벨두두의 결혼모델 공개,구체적인 웨딩 준비 이슈를 확인하기 어려움,https://gall.dcinside.com/board/view/?id=wedding&no=79098
DC인사이드,제외,분석 제외,,,,앞으로 성매매 합법화 되면 결혼율 바닥칠 거다,구체적인 웨딩 준비 이슈를 확인하기 어려움,https://gall.dcinside.com/board/view/?id=wedding&no=77624
DC인사이드,제외,분석 제외,,,,여자가 원룸에서 시작하자고 하면 요즘 남자분들,구체적인 웨딩 준비 이슈를 확인하기 어려움,https://gall.dcinside.com/board/view/?id=wedding&no=78094
DC인사이드,제외,분석 제외,,,,여자가 처녀가 아니면 어차피 '결혼'이 아니라 '거래'야,웨딩 준비와 무관한 결혼 일반 담론,https://gall.dcinside.com/board/view/?id=wedding&no=72099
DC인사이드,제외,분석 제외,,,,여자는 못생겨도 자기관리하니 결혼이 되더라고,구체적인 웨딩 준비 이슈를 확인하기 어려움,https://gall.dcinside.com/board/view/?id=wedding&no=75174
DC인사이드,제외,분석 제외,드레스,,,여자들 결혼준비전에 하는말 다 구라니 명심..,구체적인 웨딩 준비 이슈를 확인하기 어려움,https://gall.dcinside.com/board/view/?id=wedding&no=73619
DC인사이드,제외,분석 제외,,계약·취소·환불,,여자친구가 내가준 선물 환불하라하면 어떰,여자친구가 내가준 선물 환불하라하면 어떰 여자친구가 내가준 선물 환불하라하면 어떰 모바일에서 작성 결갤러 (223.38) 2026.04.28 22:20:00 스크랩 조회 170 추천 0 댓글 1 선물 맘에안들고 이런거에 돈쓰게하는거싫다고 그냥 환불하자고 하면 헤어짐?,https://gall.dcinside.com/board/view/?id=wedding&no=74511
DC인사이드,제외,분석 제외,웨딩홀,,,여친이 왜 결혼하자고 안하냐고 물어보는데,구체적인 웨딩 준비 이슈를 확인하기 어려움,https://gall.dcinside.com/board/view/?id=wedding&no=78204
DC인사이드,제외,분석 제외,,,,예비신부인데 신혼집 전세 계약 전에 이거 했음,웨딩 준비와 무관한 결혼 일반 담론,https://gall.dcinside.com/board/view/?id=wedding&no=78866
DC인사이드,제외,분석 제외,,가격·견적 정보,,오늘 지하철에서 장애남 봄,의무가 아니야!!!배려는 의무가 아니야!!!” 화내는데(대체 누구한테?) 정확히 무슨 장애인진 모르지만 어투에서 특유의 장애끼가 묻어났음 아무도 장애남이랑 눈 안 마주치려고 노력하더라 애미는 부끄러운지 고개숙이고 아무대꾸도 안함 오늘 본 저 장애남이 인터넷에서 하루에도 수십개씩 여혐글 싸지르는 새끼들 견적일듯 인생에서 제일 화나는게 임산부…,https://gall.dcinside.com/board/view/?id=wedding&no=74037
DC인사이드,제외,분석 제외,메이크업,,,오지콤한테 당하다 두줄 떠버려 ㅈ된 20대 여자..ㄷㄷ,웨딩 준비와 무관한 결혼 일반 담론,https://gall.dcinside.com/board/view/?id=wedding&no=72475
DC인사이드,제외,분석 제외,,,,와근데 ㄹㅇ 편의점 수익 0원 개노답이다ㅋㅋ,구체적인 웨딩 준비 이슈를 확인하기 어려움,https://gall.dcinside.com/board/view/?id=wedding&no=71992
DC인사이드,제외,분석 제외,,계약·취소·환불,"2만원, 5만원, 7만원",왜 전남친에게 처녀주고 나이먹고 다른놈이랑 결혼하려함?,예를들면) 가게에서 5만원에 물건 샀어 마음에 안들면 영수증 들고 5만원 환불하는게 맞지 이물건 중고 5만원인데 제가 2만원 있거든요 이러면서 중고 판매로 7만원에 팔려는게 이상한거 아님?,https://gall.dcinside.com/board/view/?id=wedding&no=69525
DC인사이드,제외,분석 제외,,,,요즘 누가 비혼을 “선언”씩이나 해 ㅋㅋ,구체적인 웨딩 준비 이슈를 확인하기 어려움,https://gall.dcinside.com/board/view/?id=wedding&no=79120
DC인사이드,제외,분석 제외,웨딩홀,,,요즘은 예식장도 종이폭죽이랑 예도단은 잘 안 쓰나요?,구체적인 웨딩 준비 이슈를 확인하기 어려움,https://gall.dcinside.com/board/view/?id=wedding&no=78143
DC인사이드,제외,분석 제외,스튜디오·촬영,,,원래 이럼?,구체적인 웨딩 준비 이슈를 확인하기 어려움,https://gall.dcinside.com/board/view/?id=wedding&no=71875
DC인사이드,제외,분석 제외,,,,의외로 사람들이 잘 모르는 82년생 김지영 도입부,구체적인 웨딩 준비 이슈를 확인하기 어려움,https://gall.dcinside.com/board/view/?id=wedding&no=79049
DC인사이드,제외,분석 제외,,,,저번에 등본이랑 부동산 매매계약서 인증했는데,구체적인 웨딩 준비 이슈를 확인하기 어려움,https://gall.dcinside.com/board/view/?id=wedding&no=78431
DC인사이드,제외,분석 제외,웨딩홀,계약·취소·환불,,전남친 ㅈㅅ했다 글썼었는데,일단 예비신랑한테 상황 공유하고 예식장 취소하는게 최선인건 아는데 예비신랑이 너무 착한사람이라 괜히 죄책감느낄거같아서 입이 안 떨어진다 추천검색 추천 비추천 5 0 개념 추천 개념 비추천 24 실베추 공유 스크랩 신고,https://gall.dcinside.com/board/view/?id=wedding&no=75655
DC인사이드,제외,분석 제외,웨딩홀,계약·취소·환불,,전남친ㅈㅅ했다 글썼었는데 결혼식 올리기로함,헤어진지 반년이나 지났는데 ㅈㅅ이 오로지 내 책임이라는 것도 말이 안되고 만약 헤어지고 바로 ㅈㅅ했더라도 내 책임은 아니래 그 사람이 그냥 남자답지 못한거라고 ㅈㄴ이해가 안된대 난 예비신랑이 죄책감 가질까봐 걱정했는데 예비신랑은 오히려 내가 죄책감 가질까봐 걱정해주더라고 대신 기존에 잡은 예식장은 취소하고 스몰웨딩홀 빌려서 친인척만 불러서…,https://gall.dcinside.com/board/view/?id=wedding&no=75869
DC인사이드,제외,분석 제외,드레스,,,전여친 프사에 웨딩 사진 올라올떄마다 결혼은 미친짓이라는거 실감함,구체적인 웨딩 준비 이슈를 확인하기 어려움,https://gall.dcinside.com/board/view/?id=wedding&no=73774
DC인사이드,제외,분석 제외,,계약·취소·환불,,전직 결정사 직원이 폭로하는 결정사 비추 이유와 실태 (스압),1~2번 매칭 받았는데 업체가 내 니즈 개무시하고 횟수 때우기용 똥매칭만 해줘서 환불 요구하잖아? / 그럼 남은 5번이 아니라 '남은 1번'에 대한 금액만 환불해 줌. / 서비스 3회는 환불 규정상 '0원' 처리되거든. / 환불에 포함되는 정식 계약 횟수부터 먼저 소진 시켜 버리는 구조임. / 3회차까지 소개팅 받고 빡쳐서 환불하려고 하면…,https://gall.dcinside.com/board/view/?id=wedding&no=77243
DC인사이드,제외,분석 제외,플래너,,,젊은 웨딩플래너 어떰?,구체적인 웨딩 준비 이슈를 확인하기 어려움,https://gall.dcinside.com/board/view/?id=wedding&no=76120
DC인사이드,제외,분석 제외,,,,젊은남자들아 늙은 도태남들이 선동하는거에 휩쓸리지마라,웨딩 준비와 무관한 결혼 일반 담론,https://gall.dcinside.com/board/view/?id=wedding&no=71540
DC인사이드,제외,분석 제외,드레스,,,중고품은 웨딩드레스입지마라,구체적인 웨딩 준비 이슈를 확인하기 어려움,https://gall.dcinside.com/board/view/?id=wedding&no=76625
DC인사이드,제외,분석 제외,,,,지금 집 계약이 내년 1월까지고 결혼식은 올해 12월인데,구체적인 웨딩 준비 이슈를 확인하기 어려움,https://gall.dcinside.com/board/view/?id=wedding&no=75565
DC인사이드,제외,분석 제외,,,,진심으로 여자분들 착각을 하시는데요,구체적인 웨딩 준비 이슈를 확인하기 어려움,https://gall.dcinside.com/board/view/?id=wedding&no=76673
DC인사이드,제외,분석 제외,,,,진짜 천생연분 아닌 이상,구체적인 웨딩 준비 이슈를 확인하기 어려움,https://gall.dcinside.com/board/view/?id=wedding&no=70245
DC인사이드,제외,분석 제외,"스드메·패키지, 예물·혼수",,,처가에서 지원 거의 안받았는데,구체적인 웨딩 준비 이슈를 확인하기 어려움,https://gall.dcinside.com/board/view/?id=wedding&no=78514
DC인사이드,제외,분석 제외,,,,청소업체직원: 딜도가 엄청 나와요~ㅋㅋㅋ,웨딩 준비와 무관한 결혼 일반 담론,https://gall.dcinside.com/board/view/?id=wedding&no=79040
DC인사이드,제외,분석 제외,웨딩홀,,,축의금이 적은편 인가요?,구체적인 웨딩 준비 이슈를 확인하기 어려움,https://gall.dcinside.com/board/view/?id=wedding&no=78728
DC인사이드,제외,분석 제외,스드메·패키지,,,키 180㎝ 연봉 5억 의사만 가능?…‘스타 커매’가 본 요즘 결혼 [스,웨딩 준비와 무관한 결혼 일반 담론,https://gall.dcinside.com/board/view/?id=wedding&no=78235
DC인사이드,제외,분석 제외,"웨딩홀, 예물·혼수",,,파혼 했다 정말 쫑냈다.,구체적인 웨딩 준비 이슈를 확인하기 어려움,https://gall.dcinside.com/board/view/?id=wedding&no=75885
DC인사이드,제외,분석 제외,,,,편돌아 제발 취업 좀 해!,구체적인 웨딩 준비 이슈를 확인하기 어려움,https://gall.dcinside.com/board/view/?id=wedding&no=72017
DC인사이드,제외,분석 제외,웨딩홀,,,평범한 한녀가 럴커가 되는 과정,웨딩 준비와 무관한 결혼 일반 담론,https://gall.dcinside.com/board/view/?id=wedding&no=74386
DC인사이드,제외,분석 제외,,,,할거없으면 결혼생각 많이 나더라.,구체적인 웨딩 준비 이슈를 확인하기 어려움,https://gall.dcinside.com/board/view/?id=wedding&no=72452
DC인사이드,제외,분석 제외,,,,혼인율감소는 남자들의 결혼기피임,구체적인 웨딩 준비 이슈를 확인하기 어려움,https://gall.dcinside.com/board/view/?id=wedding&no=78526
결직웨딩,포함,핵심 불편·문제,드레스,"예상 밖 추가비용, 가격·견적 정보",,6개월간 웨딩 준비하며 레이첼 드레스 선택한 이유,사실 저는 추가금 내고 3번째 입어본 더더더더 화려한 드레스도 마음에 들었지만 예랑의 강력한 추천으로 하지만 최종 고른 드레스도 엄청 마음에 들었어요. / 가성비 짱입니다.신부님들 모두 예쁜 본식 드레스 고르시길 바랍니다.,https://kgwed.com/%ED%9B%84%EA%B8%B0/?mod=document&uid=92
결직웨딩,포함,핵심 불편·문제,"스튜디오·촬영, 드레스, 메이크업, 스드메·패키지",가격·견적 정보,,가을스튜디오 결직웨딩에서 계약했습니다.,결직웨딩의 토탈스튜디오 가격을 보고 진짜 가성비도 좋아서 진행하게 되었어요.,https://kgwed.com/%ED%9B%84%EA%B8%B0/?mod=document&uid=9
결직웨딩,포함,핵심 불편·문제,"스튜디오·촬영, 드레스, 메이크업","예상 밖 추가비용, 일정·예약 관리",,가을스튜디오 계약후기 남겨드려요,헤어 메이크업이나 작가님들은 다 친절하고 좋으셨어요.​​ 그리고 이유웨딩을 통해서 예약했는데 좋은 점은 스케줄 예약할 때 야간에 좋은 타임으로 추천해 주셨고 생각 못 했던 부분까지 말씀해 주셔서 예약 시간 선택하는 데 큰 도움이 되었어요.​제가 사진 망하는 거 아닐까 걱정했는데 오히려 가을 스튜디오는 배경이 너무 이뻐서 추가금 폭탄 될 수…,https://kgwed.com/%ED%9B%84%EA%B8%B0/?mod=document&uid=26
결직웨딩,포함,핵심 불편·문제,"스튜디오·촬영, 드레스, 예물·혼수","가격·견적 정보, 일정·예약 관리, 선택 피로·정보 부족",,강남 르셀루(LE SELU) 대여/맞춤 후기,"대표님과의 디테일한 1:1 상담을 통해 원단 셀렉부터 제 체형에 딱 맞는 스타일링, 촬영용 소품까지 완벽하게 챙겨주신 덕분에 정말 만족스러운 사진을 남길 수 있었습니다. / 저렴한 원단 특유의 인위적인 번들거림 없이, 클래식하고 은은한 광택이 도는 게 비전문가가 봐도 고급 명품 원단이라는 느낌이 확 강하게 와닿았습니다. / 소품 종류가 워…",https://kgwed.com/%ED%9B%84%EA%B8%B0/?mod=document&uid=129
결직웨딩,포함,핵심 불편·문제,"웨딩홀, 스드메·패키지",선택 피로·정보 부족,,결직 스드메상담 후기,다행이 적당한 장소를 상견례하는 날 발견했었는데 꽃장식이랑 이런거 부터 직접 알아봐야 되어서 솔직히 막막했거든요.,https://kgwed.com/%ED%9B%84%EA%B8%B0/?mod=document&uid=76
결직웨딩,포함,핵심 불편·문제,"스튜디오·촬영, 드레스, 스드메·패키지, 예물·혼수",일정·예약 관리,,결직웨딩 스드메 계약 후기 (로그에이 / 라포레 / 드이희),"비동행 플래너인 듯 아닌듯, 스드메 모든 부분을 꼼꼼하게 챙겨주신 부분이 제일 만족스럽더라구요 계약 후기를 먼저 말씀드리자면! / 그럴 때마다 챙겨주시고 실제로 드투때, 본식 드레스 고르날에 와주셔서 큰 도움을 주셨습니다 ㅠㅠ 이때 무지 감동받았어요… 덕분에 정말 맘에 드는 드레스 입고 본식날 입장합니다 두근두근 앞으로 예식이 얼마 남지…",https://kgwed.com/%ED%9B%84%EA%B8%B0/?mod=document&uid=110
결직웨딩,포함,핵심 불편·문제,"스튜디오·촬영, 스드메·패키지",가격·견적 정보,,결직웨딩을 통해서 라흐스튜디오 계약했어요~,"결직웨딩을 통해 계약하면서 느낀 장점은 투명한 견적과 강요 없는 상담, 그리고 세심하고 친절한 안내였습니다.",https://kgwed.com/%ED%9B%84%EA%B8%B0/?mod=document&uid=107
결직웨딩,포함,업체 선택 기준·후기,"웨딩홀, 스드메·패키지, 예물·혼수",,2만원,계약후기 작성 시 2만원 상품권 증정 이벤트,"계약후기 작성 시 2만원 상품권 증정 이벤트 결직웨딩 계약후기 이벤트를 진행합니다. / 스드메, 혼수, 웨딩홀 등등 결직웨딩을 통행 계약하신 후기를 ""네이버 블로그"" 또는 활동하시는 네이버 카페 에 남겨주시면 2만원 상품권을 감사의 선물로 드리고 있습니다.",https://kgwed.com/%ED%9B%84%EA%B8%B0/?mod=document&uid=95
결직웨딩,포함,업체 선택 기준·후기,"스튜디오·촬영, 드레스",,,그가사랑하는순간 웨딩촬영후기,"그가사랑하는순간은 원본만족도가 상당히 좋기로 유명한 곳 이라고 들었는데 정말 마음에 들었어요. 본식스냅, 데이트스냅까지도 너무 유명한만큼 정말 사진을 잘 찍는 스튜디오 같아요. ​ 워낙 깔끔한 분위기를 선호해서, 스튜디오, 드레스도 깔끔한 쪽으로 구성했는데요, 역시나 웨딩촬영도 성공적으로 만족스러운 결과물을 얻었습니다. 그가사랑하는순간은…",https://kgwed.com/%ED%9B%84%EA%B8%B0/?mod=document&uid=83
결직웨딩,포함,업체 선택 기준·후기,메이크업,,,김청경 헤어 메이크업 계약후기,"김청경헤어페이스 계약하고 왔습니다. 직거래웨딩에서 워크인으로 예약 잡아주셔서, 플래너 필요없이 직접 계약 했어요. 요즘 신부님들이 원하시는 메이크업이 과하지 않으면서 자연스러운 피부표현과, 자연스러운 메이크업을 많이 선호하시는데요, 김청경헤어페이스는 과하지 않은 색조화장은 물론 깔끔한 피부표현까지! 잘하는 메이크업샵으로 유명한 업체입니다.…",https://kgwed.com/%ED%9B%84%EA%B8%B0/?mod=document&uid=55
결직웨딩,포함,핵심 불편·문제,메이크업,일정·예약 관리,,김청경 헤어페이스 후기 공유해요,"아는 게 있어야 조잘조잘 말하는데, 아는 게 없어서...ㅋㅋㅋ 주변에선 헤어나 메이크업을 많이 찾아보고 아니다 싶으면 바로바로 말해야 수정을 해주신다고 했는데, 그렇게 못했어요...ㅠ 스탭분들이 꾸벅꾸벅 조는 저를 너무나도 잘 챙겨주셨고, 원하는 스타일로 잘 꾸며 주셨답니다.",https://kgwed.com/%ED%9B%84%EA%B8%B0/?mod=document&uid=65
결직웨딩,포함,업체 선택 기준·후기,메이크업,,,꼼나나 웨딩 메이크업 추천드려요,"프라이빗한 공간에 모던한 인테리어까지 샵이 너무너무 예뻐 또 오고싶은 그런 곳 이었어요, 예전에 알던 원장님과 실장님이 꼼나나비앙으로 오시면서 메이크업도 실력도 검증되고 ​헤어팀도 잘하시는 분들이 스카웃되어 합류하면서 더욱더 탄탄한 샵으로 거듭났다고 해요. 깨끗한 메이크업은 물론 화사하고 색감있는 트렌디한 메이크업까지 다양한 스타일이 모두…",https://kgwed.com/%ED%9B%84%EA%B8%B0/?mod=document&uid=56
결직웨딩,포함,업체 선택 기준·후기,"드레스, 스드메·패키지",,,누벨드블랑 본식드레스 계약 후기,"저는 뭔가 맑고 깨끗한 소녀 느낌의 드레스를 원했는데, 제가 너무 까다로운 건지 원하는 느낌의 드레스가 많이 없다고 생각하던 찰나에 누벨드블랑 드레스를 보게되었어요 딱 제가 원하는 비즈 드레스가 있어서 결직웨딩 매니저님 통해서 바로 방문을 예약했고, 실제로 가서 드레스들을 보니 사진보다 훨씬 예쁘더라고요. 저는 제 체형을 좀 잘 알고 있는…",https://kgwed.com/%ED%9B%84%EA%B8%B0/?mod=document&uid=91
결직웨딩,포함,핵심 불편·문제,"웨딩홀, 드레스",예상 밖 추가비용,,더화이트 엘리자베스 본식가봉 후기,특히 신상 드레스 4벌을 입어보고 추가금이 있는 신상 드레스를 최종적으로 선택했어요.,https://kgwed.com/%ED%9B%84%EA%B8%B0/?mod=document&uid=50
결직웨딩,포함,핵심 불편·문제,"드레스, 스드메·패키지, 예물·혼수",예상 밖 추가비용,,레이나모라 드레스 본식가봉후기 - 결직웨딩,사실 레이나모라 추가금이 쎄다는걸 후기로 찾아보고 간 뒤라 어느정도의 추가금은 생각하고 갔어요..ㅠㅠ 또 화려한걸 생각하고 가다보니 화보에서 고르는것마다 블랙라벨이더라구요... / 하지만 추가금이 부담되시면 추가금이 없는것으로 추천해달라고하면 또 그거에 맞게 화려하고 이쁜걸로 추천해주십니다. / 화보에 없는 신상에 추가금이 없는 드레스도…,https://kgwed.com/%ED%9B%84%EA%B8%B0/?mod=document&uid=5
결직웨딩,포함,업체 선택 기준·후기,"스튜디오·촬영, 드레스",,,레이나모라 드레스 촬영가봉 후기,"요즘 날씨가 점점 봄에 가까워지고 있네요. ​봄날의 촬영을 앞두고 촬영 가봉을 진행 했어요. 화려하고 화사한 레이나모라의 본식 드레스 느낌과, 웨딩촬영 때는 깔끔한 스타일의 드레스를 피팅 하고 왔어요. 앉았을때 퍼지는 느낌이 예쁜 드레스로 일체형의 긴팔의 드레스, 1번의 다양한 볼레로 연출이 가능한데도 긴팔의 풍성한 느낌이 너무 예뻤어요.…",https://kgwed.com/%ED%9B%84%EA%B8%B0/?mod=document&uid=86
결직웨딩,포함,핵심 불편·문제,드레스,서비스 불편·품질 문제,,로브드K 드레스로 결정했어요!,제가 입고 싶은거 입는게 최고 아니겠냐며 ㅎㅎ 사실 어른들한테는 말씀을 안드려서 좀 무섭기는 하지만 결혼식 당일만 무사히 보내면 됩니다 ㅋㅋ 로브드케이는 확실히 어머님들이 좋아하실 단정한 드레스가 많은 것 같았어요~ 그 중에서도 등파인거 고른 제가 레전드긴 하지만 ㅋㅋ 오간자 실크 풍성 드레스도 너무 예뻤는데 제가 입어보니 막상 화보느낌이…,https://kgwed.com/%ED%9B%84%EA%B8%B0/?mod=document&uid=21
결직웨딩,포함,업체 선택 기준·후기,"드레스, 메이크업",,,로즈로사 본식 가봉 후기,"로즈로사를 선택한 가장 큰 이유는 로즈로사만의 사랑스러움과 여성스러움이 가득해서 선택하게 되었습니다. 어두운 홀에서 예식을 진행하는지라 화려하면서도 사랑스러움이 돋보일 수 있는 드레스를 원했는데, 딱 로즈로사가 저에게는 입어본 옷들이 하나같이 잘 어울리더라구요. 역시 로즈로사 너무 사랑스러운 드레스들이 많아요. 화려하지만 여성스럽고 사랑스…",https://kgwed.com/%ED%9B%84%EA%B8%B0/?mod=document&uid=94
결직웨딩,포함,업체 선택 기준·후기,드레스,,,모네뜨아르 본식드레스 가봉까지 끝내고 왔어요,"모네뜨아르 웨딩드레스 본식드레스 가봉 후기입니다. 다양한 드레스가 많이 있다고 해서 결정했습니다. 저는 블링블링하고 비즈가 많은 것을 원했는데, 비즈가 정말 많이 있고 예쁜 드레스가 정말 많았습니다. 도와주시는 스태프분들도 정말 친절하십니다. 모네뜨아르 본식 드레스 신상도 예쁘고, 드레스 퀄리티도 좋다고 들어서 선택했습니다. 본식 드레스는…",https://kgwed.com/%ED%9B%84%EA%B8%B0/?mod=document&uid=35
결직웨딩,포함,업체 선택 기준·후기,"웨딩홀, 스튜디오·촬영, 드레스",,,"모네뜨아르 본식드레스 계약, 가봉후기","모네뜨아르의 경우 제가 선택한 이유는 화려함이 좀 있는 드레스를 원했는데, 모네뜨아르의 드레스들이 비즈의 화려함이 있었고! 비즈뿐 아니라 레이스의 화려함도 겸비되어있는 드레스 라인들이 있어서 모네뜨아르로 가기로 계약했어요. 다양한 라인의 드레스와 다양한 소재의 드레스들이 구비되어 있어서 다양하게 입어보고, 본인 체형에 맞는 드레스를 셀렉할…",https://kgwed.com/%ED%9B%84%EA%B8%B0/?mod=document&uid=46
결직웨딩,포함,핵심 불편·문제,"웨딩홀, 드레스","예상 밖 추가비용, 가격·견적 정보",,모네뜨아르 본식드레스 계약후기,그날 되면 처음 골랐던 드레스보다 다른 드레스들이 너무 예뻐서 추가금을 내서 바꾸게 되더라고요. / 전 마음을 비우고 추가금 낼 생각으로 갔어요. / 추가금을 내면 어느 정도까지 괜찮은지 아니면 안 내고 그 가격대로 보고 싶은지 물어보시고 나중에 맘 상하는 일 없게 미리 캐치해주시더라고요. / 저희는 추가금 있어도 내 마음에 드는 걸 하기…,https://kgwed.com/%ED%9B%84%EA%B8%B0/?mod=document&uid=33
결직웨딩,포함,핵심 불편·문제,드레스,가격·견적 정보,,모네뜨아르 웨딩드레스 본식드레스 가봉후기입니다!,모네뜨아르는 여성스럽고 화려하면서도 가성비가 뛰어난 곳으로 유명해 선택했습니다.,https://kgwed.com/%ED%9B%84%EA%B8%B0/?mod=document&uid=51
결직웨딩,포함,핵심 불편·문제,"드레스, 스드메·패키지","예상 밖 추가비용, 가격·견적 정보",,모리엠포티 드레스 계약 후기,"결혼식이랑 스드메는 저렴하게 하자는 생각으로 비용이 추가 덜 되는 곳으로 1순위가 브라이드벨라, 2순위 모리엠포티, 3순위 줄리엣발로키 였지요.",https://kgwed.com/%ED%9B%84%EA%B8%B0/?mod=document&uid=68
결직웨딩,포함,업체 선택 기준·후기,스튜디오·촬영,,,모스트 스튜디오 계약후기,웨딩스튜디오를 고르실 때 제일 먼저 정하는 컨셉은 인물 중심이냐 배경 중심이냐일 텐데요. 모스트 스튜디오는 배경 중심의 스튜디오예요. 군더더기 없이 깔끔한 스튜디오이기 때문에 시간이 오래 지나서 봐도 촌스럽지 않을 거예요. 깔끔한 느낌의 사진을 원하시는 분들이라면 모스트 스튜디오를 추천합니다. 깔끔하고 시간이 지나도 세련된 느낌의 웨딩 사…,https://kgwed.com/%ED%9B%84%EA%B8%B0/?mod=document&uid=37
결직웨딩,포함,핵심 불편·문제,"스튜디오·촬영, 드레스, 메이크업, 스드메·패키지",선택 피로·정보 부족,,뮤아스튜디오 계약후기 공유해요,"뮤아스튜디오 계약후기 공유해요 올해 드디어 결혼식을 하기로 하고 요즘 한창 결혼 준비에 정신이 없는데요. / 살면서 선택할 게 이렇게 많았던 적은 지금이 처음이라고 해도 과언이 아닐 정도로 스튜디오며 메이크업, 드레스, 신혼집, 가구 등 골라야 할 것도 산더미인 상황이에요.",https://kgwed.com/%ED%9B%84%EA%B8%B0/?mod=document&uid=71
결직웨딩,포함,업체 선택 기준·후기,스튜디오·촬영,,,뮤아스튜디오 추천하고 추천해요!!,"뮤아스튜디오는 실내 스튜디오 촬영은 물론 루프탑의과 숲에서 야외촬영도 이루어 지고 있는 웨딩스튜디오에요! 인물중심 특유의 깔끔하고 따뜻한, 그리고 세련된 멋까지 겸비한 곳이라고 생각해요. 게다가 푸르른 성수동 서울숲에서 야외촬영이라니 정말 특색있고 매력적인 곳이 아닐까 싶네요. 화려하면서도 수수한, 하지만 특색있는 촬영 원하시는 신랑신부님…",https://kgwed.com/%ED%9B%84%EA%B8%B0/?mod=document&uid=11
결직웨딩,포함,핵심 불편·문제,"스튜디오·촬영, 드레스, 메이크업",선택 피로·정보 부족,,뮤아스튜디오 토탈웨딩 계약후기 남겨요,"뮤아스튜디오 토탈웨딩 계약후기 남겨요 올해 드디어 결혼식을 올리기로 하고 요즘 한창 결혼 준비에 정신이 없었어요. / 살면서 선택할 게 이렇게 많았던 적은 지금이 처음이라고 해도 과언이 아닐 정도로 스튜디오며 메이크업, 드레스, 신혼집, 가구 등 골라야 할 것도 산더미.",https://kgwed.com/%ED%9B%84%EA%B8%B0/?mod=document&uid=10
결직웨딩,포함,핵심 불편·문제,"드레스, 예물·혼수","가격·견적 정보, 일정·예약 관리",,민정란 한복 혼주한복 후기 써봐요,"한복 패키지로 좋은 상품을 더 좋은가격대로 준비할 수 있었어요. / 저희 엄마가 은근히 이상한데서 고집이 세서 걱정이 많았는데 사장님이 엄마 기분 상하지 않게 서비스 잘 해주셔서 넘 좋았어요 종로에서 정찰제 가격으로 한복 젤 잘해주는 것 같은 민정란한복!! / 반납은 식 다음날까지 하면 되니까 다른 가족들이 잘 챙겨주거나, 엄마가 잘챙겨주…",https://kgwed.com/%ED%9B%84%EA%B8%B0/?mod=document&uid=22
결직웨딩,포함,핵심 불편·문제,"스튜디오·촬영, 스드메·패키지",가격·견적 정보,,"본식스냅 4군데 비교하고 결정했어요, (사계절스튜디오)","가성비가 좋은 업체를 찾다 보니, 사계절 스튜디오로 결정했습니다.",https://kgwed.com/%ED%9B%84%EA%B8%B0/?mod=document&uid=63
결직웨딩,포함,업체 선택 기준·후기,스튜디오·촬영,,,뷰시엘스튜디오 계약했어요,"웨딩 촬영 스튜디오 계약할 때 저는 살짝 감성적이고 분위기 있고 깔끔한 느낌의 스튜디오를 원한다고 말씀드렸는데, 1초의 고민도 없이 추천해 주신 뷰시엘 스튜디오입니다. 저도 샘플 사진 보자마자 너무 마음에 들어서 바로 결정했습니다. 모델분도 너무 예쁘시고 샘플의 분위기가 딱 제가 원하던 그 느낌이어서 다른 업체 샘플을 볼 필요가 없었습니다…",https://kgwed.com/%ED%9B%84%EA%B8%B0/?mod=document&uid=61
결직웨딩,포함,핵심 불편·문제,"웨딩홀, 드레스","가격·견적 정보, 서비스 불편·품질 문제",,브라이드손윤희 드레스 후기,"아쉬웠던 점을 굳이 꼽자면 제 몸뚱아리..ㅠㅠ 팔뚝살이 조금만 더 여리했었어도 탑으로 된 드레스 입었으면 참 예뻣을텐데 하는 생각이 들더라고요, 그래도 기세로 밀어붙입니다!! / 드레스가 예쁘니 다들 제 팔뚝보다는 드레스에 이목이 집중됐으면 하는 바램 ㅎㅎ결직 웨딩 덕에 다양한 드레스샵 견적도 공짜로 받아보고 감사합니다.",https://kgwed.com/%ED%9B%84%EA%B8%B0/?mod=document&uid=19
결직웨딩,포함,핵심 불편·문제,"스튜디오·촬영, 스드메·패키지",가격·견적 정보,,사계절스튜디오 본식스냅 계약 후기,결직웨딩 매니저님이 추천해 주신 곳들 중에 사계절스튜디오가 가성비도 좋고 스냅사진들도 분위기가 너무 좋았습니다. / 가성비 좋은 업체로 사계절스튜디오가 너무 좋은 것 같습니다. / 가성비가 너무 좋습니다.,https://kgwed.com/%ED%9B%84%EA%B8%B0/?mod=document&uid=58
결직웨딩,포함,업체 선택 기준·후기,"스튜디오·촬영, 드레스, 메이크업",,,섬스튜디오 세미웨딩촬영 찍고 왔어요,"섬스튜디오에서 세미웨딩촬영으로 간단하게 진행한 후기를 올려드릴게요, 세미촬영이라 사진도 많이 없지만 짧은 후기가 될것같네요. 섬스튜디오에 세미촬영이 있는지도 몰랐는데 상담갔다가 저도 그때 알게되었어요. 꽤 오랫동안 연애를 했지만 사진 찍는걸 무척이나 어색해하는 저희는 처음엔 웨딩촬영이 아니고, 우정촬영이 의심될 정도로로 카메라만 응시하다가…",https://kgwed.com/%ED%9B%84%EA%B8%B0/?mod=document&uid=64
결직웨딩,포함,업체 선택 기준·후기,"스튜디오·촬영, 드레스, 메이크업, 스드메·패키지",,,섬스튜디오 웨딩촬영 계약했어요~!,결직웨딩 담당자분 통해서 원하는 지역 일정에 맞추어 여러곳의 스튜디오 추천을 받아 그중 하남 섬스튜디오로 선택 했습니다. 가격과 구성도 좋아서 기분좋게 방문했고 촬영당일 메이크업과 현장 테마 모두 마음에 들었어요 우선 메이크업 해주시는 분들도 많이 계시고 중간중간 의견 반영도 많이 해주시더라구요 ㅎㅎ 웨딩드레스 고를때는 종류가 많아서 색별…,https://kgwed.com/%ED%9B%84%EA%B8%B0/?mod=document&uid=98
결직웨딩,포함,핵심 불편·문제,"스튜디오·촬영, 드레스, 메이크업, 스드메·패키지",가격·견적 정보,,섬스튜디오 정말 맘에 들어요,그리고 결직웨딩도 감사했던게 제가 워킹으로 알아본것 보다 견적 잘 내주셨어요 ^^,https://kgwed.com/%ED%9B%84%EA%B8%B0/?mod=document&uid=14
결직웨딩,포함,핵심 불편·문제,웨딩홀,제휴·수수료 구조,,소풍 웨딩컨벤션센터 당일 계약 후기,소풍 웨딩컨벤션센터 당일 계약 후기 첫 웨딩홀 투어로 방문한 소풍컨벤션에서 고민 없이 바로 당일 계약을 하고 나왔어요.,https://kgwed.com/%ED%9B%84%EA%B8%B0/?mod=document&uid=123
결직웨딩,포함,핵심 불편·문제,"스튜디오·촬영, 드레스, 메이크업, 스드메·패키지, 예물·혼수","가격·견적 정보, 제휴·수수료 구조, 일정·예약 관리, 선택 피로·정보 부족",,수수료 없이 직거래 드메 계약완료,수수료 없이 직거래 드메 계약완료 스튜디오: 볼라르 드레스:레이첼 메이크업 :유림헤어앤메이크업 혼수- 예복. / 예물: ______________________ 결직웨딩은 검색을 통해알게되었구요 여러가지 찾아보다가 저는 지방에사는데 서울에서 결혼을 하여서 따로따로 알아보기가 어렵기도하고 가성비있게 결혼하고싶기도하고 스튜디오는 하고싶은 곳이…,https://kgwed.com/%ED%9B%84%EA%B8%B0/?mod=document&uid=118
결직웨딩,포함,핵심 불편·문제,"스튜디오·촬영, 드레스, 스드메·패키지",일정·예약 관리,,스띨레디허 드메패키지 계약후기,"스튜디오 촬영을 도와주셨던 이모님, 매번 방문할 때마다 헤어손질과 피팅을 도와주시던 직원분, 엘레강스하고 아우라 뿜뿜인 대표님 부원장님(?) - 직급은 잘 기억이 나지 않았지만, 본식 가봉 날 처음 뵈었지만 너무나도 잘 챙겨주셨던 직원분 한 분 한 분 너무 감사했고, 짧지만 저와의 인연도 소중하게 기억해주셨던 게 너무 감사하더라고요.",https://kgwed.com/%ED%9B%84%EA%B8%B0/?mod=document&uid=45
결직웨딩,포함,핵심 불편·문제,"드레스, 스드메·패키지","예상 밖 추가비용, 가격·견적 정보",,스띨레디허 본식가봉후기,"무엇보다 대표님이 너무 자부심 있는게 느껴졌고 서비스도 너무 친절했고, 가성비도 너무 좋았습니다. / 신상이라 추가금이 발생했지만 실크가 저에게 더 잘어울려서 신상실크드레스로 최종픽했습니다.",https://kgwed.com/%ED%9B%84%EA%B8%B0/?mod=document&uid=6
결직웨딩,포함,업체 선택 기준·후기,"스튜디오·촬영, 스드메·패키지",,,스투디오사이 세미토탈 계약 후기,"제가 계약한 스튜디오는 스투디오사이 입니다. 따뜻한 느낌이라고 해서 기분 좋게 세미토탈로 계약했습니다. 스투디오사이 스튜디오는 많은 신부님들이 아시겠지만 요즘 인물 중심이면 여기가 아닌가 싶을 정도로 인기 있는 곳이기도 하고, 대부분 촬영 후기가 다 좋더라고요. 지인도 여기에서 찍었었는데 그 특유의 느낌이 정말 예뻐서 기대 중입니다. 인물…",https://kgwed.com/%ED%9B%84%EA%B8%B0/?mod=document&uid=60
결직웨딩,포함,핵심 불편·문제,"스튜디오·촬영, 드레스, 메이크업, 스드메·패키지","예상 밖 추가비용, 가격·견적 정보, 제휴·수수료 구조","20만원, 44만원",스튜디오 계약후기,"처음에 결직웨딩 알기 전 스드메 상담받을 때 드레스, 메이크업은 자체 진행하는데 스튜디오는 연계가능하다고 해서 몇군데 보여준 곳 중에서 선택하려고 했어요. / 스튜디오는 따로 해도 상관없다고 해서 알아봤는데 연계해줬을때 가격보다 여기가 좀더 저렴하더라고요! / ( 아쉬운 점은 드레스선택시 추가금액이 예상보다 조금 컸어요. / 3벌 선택하는…",https://kgwed.com/%ED%9B%84%EA%B8%B0/?mod=document&uid=112
결직웨딩,포함,핵심 불편·문제,"스튜디오·촬영, 메이크업",선택 피로·정보 부족,,스튜디오촬영 준비 시작!!!,저희는 오래된 커플이라 예식은 안하고 촬영만 할거라 나름 촬영에대한 욕심도 있으면서도 귀찮기도 하고 막막하기도 하고 걱정도 되고 기대도 되고 암튼 복잡한 마음이 커서 고민하다가 카페도 가입해보고 사이트에 문의도 엄청 남겼어요.,https://kgwed.com/%ED%9B%84%EA%B8%B0/?mod=document&uid=28
결직웨딩,포함,업체 선택 기준·후기,드레스,,,실크파 신부라면 로브드K 웨딩드레스 강력 추천해요,"로브드K 드레스를 선택한 이유는 워낙에 결혼 전부터 저는 실크, 실크만 외치던 1인이었어요. 실크 드레스 중에서도 아무것도 없는 심플 드레스가 너무 이뻐 보였구요. 그중에서도 로브드K는 실크 드레스별로 다 이뻤어요. 그냥 입을 때 아 이쁘다 이런 느낌이 많았던 것 같아요. 제가 딱 원하던 스타일 드레스들이 많이 있던 것 같아요. 실크 드레…",https://kgwed.com/%ED%9B%84%EA%B8%B0/?mod=document&uid=93
결직웨딩,포함,업체 선택 기준·후기,"스튜디오·촬영, 드레스",,,아벨바이케이 드레스 선택한 이유,저는 아직 예식이 시간이 많이 남기도하고 스튜디오 촬영 대신에 제주스냅으로 진행할 예정이라 본식만 준비하면 되는 상황이었어요. 드레스에 대해 아무것도 모르고 마냥 어려워할때 내년에 결혼하는 아는 언니가 저한테 아벨바이케이가 잘어울릴 것 같다고 해서 그 뒤로 찾아보는데 너무 예쁘더라구요. 특히 저는 11월 예식이라 긴팔 드레스를 많이 보고…,https://kgwed.com/%ED%9B%84%EA%B8%B0/?mod=document&uid=12
결직웨딩,포함,핵심 불편·문제,"스튜디오·촬영, 스드메·패키지",가격·견적 정보,,아우라 스튜디오 웨딩사진 로망해결 ><,결직웨딩에서 아우라 스튜디오 견적 상담 받고 계약까지 해결했숩당 >< 저는 예전부터 고풍스러우면서도 완전 공주스타일의 웨딩사진을 찍고 싶었는데요 요즘에는 자연스러운 웨딩사진이 추세라지만 저는 관종이기도 하공 또 이런 사진 웨딩사진 아니면 언제 찍어보겠나 생각이 들어서 과감하게 결정했어요^^ 특히 아우라 스튜디오의 씨그니처라고 할 수 있는…,https://kgwed.com/%ED%9B%84%EA%B8%B0/?mod=document&uid=16
결직웨딩,포함,업체 선택 기준·후기,"스튜디오·촬영, 메이크업",,,아우어스튜디오 촬영했어요~,"깔끔한 스타일에 고급스럽게 찍고 싶어서 문의드렸는데 아우어스튜디오 추천해주셔서 계약했는데 넘나 촬영 잘 하고왔어요~ 분위기도 너무 좋았고 헤어메이크업샵도 스튜디오아니고 조이178에서 받았는데 거기도 좋았어요, 여러모로 전문화되어있다는 느낌이었고 무엇보다도 어마어마하게 디테일한 내용으로 촬영 안내해주신 이사님 감사합니다, 좋은 금액으로 아주…",https://kgwed.com/%ED%9B%84%EA%B8%B0/?mod=document&uid=31
결직웨딩,포함,핵심 불편·문제,"웨딩홀, 스튜디오·촬영, 메이크업",가격·견적 정보,,언아더데이 본식 스냅 계약 후기 공유해요!,본식 스냅을 가성비로 갈지 고민했는데 그래도 사진에는 투자하기로 마음을 먹었어요. / 구성이랑 가격대가 좋아서 언아더데이로 결과물이 너무 좋아서 맘을 선택했습니다. / 언아더데이로 원픽이었는데 가격대가 좀 있는 것 같아서 다른 본식스냅업체들 연락했는데 이미 예약이 다 찼더라고요. / 저는 빠르게 견적 받아보고 진행할 수 있었답니다.,https://kgwed.com/%ED%9B%84%EA%B8%B0/?mod=document&uid=59
결직웨딩,포함,핵심 불편·문제,"웨딩홀, 드레스",서비스 불편·품질 문제,,엔조최재훈 드레스 투어 후기,"최재훈은 드레스를 피팅룸 밖에 걸어두고 직접 고를 수 있어 좋았는데, 모니카는 그런 점이 좀 아쉬웠어요.",https://kgwed.com/%ED%9B%84%EA%B8%B0/?mod=document&uid=66
결직웨딩,포함,업체 선택 기준·후기,드레스,,,엔조최재훈 선택한 이유,"제가 선택한 드레스는 정말 화려하고 고급스러움의 끝판왕 엔조최재훈 입니다. 아직 드레스투어 전 이긴 하지만, 엔조최재훈 을 비롯한 로즈로사 시작바이 드투 예정인데 왠지 투어 하고나서도 저는 엔조최재훈 일 것 같아요! 일단 제가 엔조최재훈 을 선택한 이유는 처음 추자현씨가 결혼식날 입은 드레스를 보았을 때 정말.... 그 드레스가 잊혀지지…",https://kgwed.com/%ED%9B%84%EA%B8%B0/?mod=document&uid=52
결직웨딩,포함,핵심 불편·문제,드레스,가격·견적 정보,,역시 직거래라 그런지 가성비 최고!,역시 직거래라 그런지 가성비 최고! / 가성비 좋은데 찾고 싶어서 찾아보다 발견해서 문의드렸는데 빠르게 답변주셔서 원하는 날짜에 촬영일정 잡고 드레스 투어는 안하고 지정으로 드레스는 보기로했어요 일정이 타이트 해서 걱정했는데 알맞게 잘 짜주신것 같아서 너무 홀가분해요~ 감사합니다~ 번창하세요,https://kgwed.com/%ED%9B%84%EA%B8%B0/?mod=document&uid=29
결직웨딩,포함,업체 선택 기준·후기,스튜디오·촬영,,,온뜰에피움 스튜디오 계약후기,"결혼준비를 하면서 정말 많은것들이 좋았지만! 그중 가장 선택 잘했다고 생각하는건 뭐니뭐니해도 스튜디오였요. 사진찍을때 표정도 너무 어색하고 민망하고 그런데 사진찍는건 또 좋아하고, 사진이 못나와도 그냥 좋아해요, 그런데 웨딩사진은 진짜 누가봐도 이쁘게 찍고싶어서 정말 많이 알아봤어요! 그럴때 딱 추천받은 온뜰에피움 스튜디오! 직거래웨딩 계…",https://kgwed.com/%ED%9B%84%EA%B8%B0/?mod=document&uid=53
결직웨딩,포함,업체 선택 기준·후기,"스튜디오·촬영, 스드메·패키지",,,온뜰에피움 웨딩촬영 후기,"다른사람들의 모바일 청첩장을 볼 때마다 웨딩사진이 은근히 중요하구나 하고 생각했었어요. 그러던 중 친구의 결혼소식을 들었고 모바일 청첩장을 보는 순간 '이거다' 싶은 사진이 있었죠. 그렇게 제가 결혼을 하게 되었고, 스드메를 정하면서 이러한 배경이 있었으면 좋겠다 했더니 온뜰에피움 스튜디오를 추천해주셨습니다. 그렇게 저는 온뜰에피움 스튜디…",https://kgwed.com/%ED%9B%84%EA%B8%B0/?mod=document&uid=42
결직웨딩,포함,핵심 불편·문제,"스튜디오·촬영, 드레스, 메이크업, 스드메·패키지","가격·견적 정보, 제휴·수수료 구조, 일정·예약 관리",110만원,우연히 알게된 결직웨딩 후기!(글렌하우스/ 아벨바이케이/ 김청경),"도 없고 같은 업체견적도 결직이 저렴해서 여기서 진행하게되었네요~ 스드메 진행하고 본식만 앞두고 있는데 저렴해서 케어나 서비스가 아쉽지 않을까 걱정했지만 괜한 시간낭비였네요! / 오히려 바쁜일정에 대표님이 딱딱 시원하게 저희의 리즈를 파악해서 가성비있게 진행되었서 넘 좋았고, 헬퍼이모님, 글렌하우스 스튜디오, 김청경 드레스 샾 (동행) ,…",https://kgwed.com/%ED%9B%84%EA%B8%B0/?mod=document&uid=114
결직웨딩,포함,업체 선택 기준·후기,스튜디오·촬영,,,원규 스튜디오를 선택한 이유,"원규 스튜디오를 제가 선택한 이유는 이번 뉴샘플 때문입니다. 웨딩스튜디오 엄청 고민많이 했는데 특히 인물중심으로 할지 배경중심으로 할지 고민이 많았어요, 그러다 처음엔 인물중심으로 골랐다가 결국 제 취향인 배경중심으로 고르게 되었어요, 그러다 보니 여러 배경중심 웨딩 스튜디오를 찾아보게됬는데 그때 발견한 원규스튜디오 보자마자 한눈에 반했습…",https://kgwed.com/%ED%9B%84%EA%B8%B0/?mod=document&uid=54
결직웨딩,포함,업체 선택 기준·후기,스튜디오·촬영,,,원규스튜디오 웨딩촬영 후기 남겨요,"저희는 원규스튜디오에서 사진촬영을 하였는데요, 계약 당시 원규 이벤트가 있는 부분도 잘 알려주셔서 선택하기가 좋았어요. 원규 작가님 사진 찍는 게 얼마나 열정적이시던지 직접 포즈 손동작 하나하나 다 봐주시고 소품 위치 같은 것도 수시로 바꿔주시는 게 촬영하시는 데 신경을 많이 쓰시는 걸 느낄 수 있었어요. 저희가 이날 샌드위치며 커피며 친…",https://kgwed.com/%ED%9B%84%EA%B8%B0/?mod=document&uid=43
결직웨딩,포함,핵심 불편·문제,"스튜디오·촬영, 드레스, 예물·혼수","예상 밖 추가비용, 가격·견적 정보",,원세컨드스튜디오 진짜 완전 추천해요!!,자체 헬퍼보유로 헬퍼비 또한 기존 드레스샵의 절반 수준만 받습니다. / 캐주얼과 한복 전부 준비되어 있고 대여비는 말도 못하게 저렴합니다. / 심지어 추가금까지도 다른 스튜디오에 비하면 정말 저렴합니다.,https://kgwed.com/%ED%9B%84%EA%B8%B0/?mod=document&uid=44
결직웨딩,포함,핵심 불편·문제,웨딩홀,"예상 밖 추가비용, 가격·견적 정보",,웨딩홀견적 받아보고 결정한 마리아쥬스퀘어 웨딩홀,"웨딩홀견적 받아보고 결정한 마리아쥬스퀘어 웨딩홀 제가 진짜 웨딩홀 견적 엄청 받았거든요, 사실 마리아쥬 스퀘어 웨딩홀 전에도 인기 있는 웨딩홀 하나 예약하긴 했었는데...하나뿐인 결혼식 교통대란 일어나는게 sjan 싫어서 ㅠ 교통 편리하고 밥 괜찮은데로 알아봤거든요. / 재즈 공연하는걸 직접 봤는데요, 저희 추가 비용 내고라도 꼭 하기로…",https://kgwed.com/%ED%9B%84%EA%B8%B0/?mod=document&uid=57
결직웨딩,포함,업체 선택 기준·후기,스튜디오·촬영,,,위뜨스튜디오 웨딩촬영 후기 남겨요,오늘 위뜨스튜디오 촬영본 셀렉 다녀왔는데요~ 업체에서 엄청 빨리 해주셔서 너무 감사했어요. 5시간 동안 쉬지 않고 찍었으니 뭐 이정도는 당연한 건가요. 500장정도 넘게 있더라구요. 저희는 사진 빨리 받고 싶어서 위뜨스튜디오 연락 받자마자 바로 셀렉하러 다녀왔어요! 사진 고르는데 거의 2시간 정도 걸렸어요. 저희가 사진 충분히 보고 고를…,https://kgwed.com/%ED%9B%84%EA%B8%B0/?mod=document&uid=13
결직웨딩,포함,업체 선택 기준·후기,"스튜디오·촬영, 드레스",,,위뜨스튜디오 촬영후기 남겨요,제가 위뜨 스튜디오를 선택한 이유는 한옥 샷. 저는 한옥에서 꼭 사진을 찍고 싶은 로망이 있었는데요. 위뜨 스튜디오의 화보를 보고 딱 여기다 싶더라고요. 배경과 인물 중심 사진이 적절히 섞여 있는 것도 마음에 들었네요. 드레스 플라이 샷도 깔끔하니 너무 예쁠 것 같아서 서택했어요. 초반 상담받을 때 스튜디오 화보들이 많았는데 토너먼트로 위…,https://kgwed.com/%ED%9B%84%EA%B8%B0/?mod=document&uid=40
결직웨딩,포함,업체 선택 기준·후기,"스튜디오·촬영, 드레스",,,이브로제 스튜디오계약했어요~,너무 찍고 싶던 이브로제 스튜디오 좋은금액으로 진행한것 같아요 기분이 엄청 좋아요. 기대도 되구요~ 이사님덕분에 빠르게 헤어변형도 예약하고 기대하고 있습니다~ 이제 드레스잘 고를일만 남았네요~~ 예쁜 드레스샵도 추천해주셔서 너무 신나요~~ 어쩜 제 맘을 딱 아는것 처럼 제 취향대로 잘 추천해주셨어요~~ 직거래웨딩이라 피드백도 빠르고 샵이랑…,https://kgwed.com/%ED%9B%84%EA%B8%B0/?mod=document&uid=48
결직웨딩,포함,업체 선택 기준·후기,스튜디오·촬영,,,인물중심 토탈웨딩촬영스튜디오 모스트스튜디오 후기,"최종 결정까지 많이 고민한 스튜디오 중 하나예요. 인물 위주의 스튜디오고, 정말 인물 위주로 나와 신랑을 돋보이게 촬영하고 싶다면 모스트스튜디오는 정말 좋은 선택이 되실 것 같아요. 깔끔한 화이트, 블랙 배경이 많아요. 엄청 모던하고 심플한 촬영을 할 수 있어요. 나중에 봐도 촌스럽지 않은 사진을 남길 수 있을 것 같은 스튜디오예요. 모스…",https://kgwed.com/%ED%9B%84%EA%B8%B0/?mod=document&uid=38
결직웨딩,포함,핵심 불편·문제,"스튜디오·촬영, 드레스, 메이크업, 스드메·패키지, 예물·혼수","예상 밖 추가비용, 가격·견적 정보, 일정·예약 관리, 서비스 불편·품질 문제, 선택 피로·정보 부족","25만원, 30만원",인터넷 검색으로 알게된 결직웨딩 덕분에 플래너없이 결혼식 잘 마쳤습니다 ^^,예물: 신랑이 해외에 나가게 되면서 급하게 한 결혼이라 플래너 끼지 않고 후다닥 준비했고 결혼식은 너무 비싸지 않게 하자는 저의 나름의 신조?가 있어서 인터넷으로 직접가성비 드레스 메이크업을 검색했는데 우연히 들어오게 된 결직 사이트에서 세트로 판매하여 문의내용 남겼다가 계약까지 하게 됐어요 문의 내용 남기고 당일 바로 연락오셔서 가격 안…,https://kgwed.com/%ED%9B%84%EA%B8%B0/?mod=document&uid=116
결직웨딩,포함,핵심 불편·문제,"스튜디오·촬영, 드레스, 스드메·패키지",예상 밖 추가비용,,제이스포사 결직웨딩 드메패키지 계약후기,하나하나 보는데 다 너무 예쁘다 했지만 전 추가금 안드는 범위에서만 보여달라고 할거라 전시품 구경하듯 봤어요.,https://kgwed.com/%ED%9B%84%EA%B8%B0/?mod=document&uid=4
결직웨딩,포함,업체 선택 기준·후기,드레스,,,제이스포사 촬영드레스 셀렉후기,"제이스포사 웨딩드레스 투어 후기입니다. 일단 너무 친절하십니다. 보통 드레스 투어 때는 예쁘고 상태 좋은 드레스로만 보여주고 촬영 가봉 드레스는 별로 안 좋고 투어 때보다 안 예쁘다고 하시는 분들이 많았는데, 저는 입어본 여섯 벌 모두 투어 때보다 예뻤고 안 예쁜 드레스가 없었어요. 상태도 투어 때나 가봉이나 최고였습니다. 다 너무 예뻐서…",https://kgwed.com/%ED%9B%84%EA%B8%B0/?mod=document&uid=36
결직웨딩,포함,핵심 불편·문제,드레스,"예상 밖 추가비용, 일정·예약 관리, 서비스 불편·품질 문제",5만원,쥬빌리브라이드 / 아뜰리에 로리에 드레스 투어 후기,"쥬빌리브라이드 / 아뜰리에 로리에 드레스 투어 후기 저랑 비슷한 취향의 예신님들이 많으신지 쥬빌리브라이드,아뜰리에로리에 이렇게 투어 가시는 분들이 많으시더라구요, 여기에 +로 비비드블랑,우아르,셀렉션h 등등도 함께 가시는 분들도 많으신듯 합니다 🙂 드레스피팅비는 모두 5만원이고요~ 드레스 투어땐 사진을 못찍어서 이게 너무 아쉬웠지만 같이간…",https://kgwed.com/%ED%9B%84%EA%B8%B0/?mod=document&uid=25
결직웨딩,포함,핵심 불편·문제,"스튜디오·촬영, 드레스, 메이크업",가격·견적 정보,,직거래웨딩 토탈웨딩 패키지 계약후기,"가성비 좋은 토탈웨딩 패키지로 스튜디오부터 드레스, 메이크업까지 한 번에 해결했어요. / 토탈웨딩 패키지가 이렇게 다양한데 가격도 저렴한 것에 한번 놀라고, 패키지가 알찬 구성이라 두 번 놀라고, 하나씩 진행할 때마다 우리 특징을 잘 맞춰서 이끌어주시는 그 센스에 매번 놀라는 일 투성이에요.",https://kgwed.com/%ED%9B%84%EA%B8%B0/?mod=document&uid=34
결직웨딩,포함,핵심 불편·문제,,가격·견적 정보,,쿨하게 계약했어요,쿨하게 계약했어요 최대한 가성비있게하고싶고 아무것도몰라서 계속여쭤봤는데 친절하게대답해주시고 금액이나 구성도 만족스러워서 바로 계약했어요 빨리 촬영하고 끝내고싶긴한데 생각하니설레이고 그러네요?,https://kgwed.com/%ED%9B%84%EA%B8%B0/?mod=document&uid=47
결직웨딩,포함,업체 선택 기준·후기,드레스,,,클라라웨딩 드레스 후기 ♥,"결혼준비 하기 전부터 아니 어쩌면 정말 어렸을 때 부터 환상이 있었던 비즈드레스!! 그리고 결혼식 준비하면서 무조건 화려함 블링블링 공주님!! 드레스 찾으시는 분들 많으시죠!? 저도 역시나 그런 스타일이였습니다 ㅋㅋ 무조건 화려함,블링블링 풍성 드레스를 찾던 저에게 거대한 만족감을 알려준 클라라 웨딩 드레스 ♥ 단순히 화려한것만이 아닌 고…",https://kgwed.com/%ED%9B%84%EA%B8%B0/?mod=document&uid=23
결직웨딩,포함,핵심 불편·문제,"드레스, 메이크업",서비스 불편·품질 문제,,클라라웨딩 촬영드레스 피팅후기,여기만 아쉬운게 아니라 모든 드레스샵이 몇벌 입을 수있는지 골라야하는데 그부분에 있어서 마음에 안들어도 골라주신 스타일대로 입어봐야하는게 좀 아쉬웠어요.,https://kgwed.com/%ED%9B%84%EA%B8%B0/?mod=document&uid=8
결직웨딩,포함,핵심 불편·문제,"스튜디오·촬영, 스드메·패키지",가격·견적 정보,,페레스튜디오 계약후기,"제일 맘에 들었던 배경은 해변에서 찍은듯한 느낌의 배경이였는데 실내에서도 이렇게 모래가 있고 바다같은 느낌을 낼 수 있다는게 제주도 같기도 하고 정말 좋았어요, 요즘에 강원도나 제주도에 웨딩촬영이 제철이라고 하던데 굳이 멀리가지 않아도 이렇게 동선 좋고 가성비 좋게 바닷가에서 촬영하는듯한 사진을 찍을 수 있어서 좋은것같네요.",https://kgwed.com/%ED%9B%84%EA%B8%B0/?mod=document&uid=24
결직웨딩,포함,업체 선택 기준·후기,"스튜디오·촬영, 예물·혼수",,,플로우스튜디오 계약후기,"인물 위주로 깔끔한 배경이 특징인 플로우 스튜디오 인데요, 원래는 푸릇푸릇하고 생기발랄한 배경 맛집 스튜디오를 하려다가 나중에 봤을 때 깔끔한 인물 중심 스튜디오가 유행도 안 타고 보기 좋을 것 같더라고요. 그래서 전체적으로 깔끔한 배경이 많은 플로우 스튜디오로 결정했습니다. 특히 배경 위주인 샵들은 베일 샷이라든지 약간 신부의 고급미,…",https://kgwed.com/%ED%9B%84%EA%B8%B0/?mod=document&uid=39
결직웨딩,포함,업체 선택 기준·후기,"웨딩홀, 드레스, 예물·혼수",,,하우스오브에이미 드레스로 골랐어요,"웨딩홀은 이미 계약해서 하우스오브에이미 드레스투어 다녀왔어요! 11월 초 예식 앞두고, 너무나 반했던 화려한 비즈드레스를 먼저 입어봤는데요. 럭셔리하면서 저한테 어울리시는 스타일이었어요! 두번째 입어봤던 드레스와 다르게 깔끔한 분위기지만, 스커트레이스가 남다른 퀄리티라서 어디서 보지 못할 만한 특별한 디자인이었어요. ​ 화려한 비즈베일을…",https://kgwed.com/%ED%9B%84%EA%B8%B0/?mod=document&uid=75
결직웨딩,포함,핵심 불편·문제,"스튜디오·촬영, 스드메·패키지",가격·견적 정보,,해밀스튜디오 계약한 후기,"해밀 스튜디오는 감성 스튜디오인데 딱 제가 좋아하는 포근하면서도 감성 있고, 인스타 감성의 그런 스튜디오더라고요, 제가 좋아하는 감성 웨딩스튜디오 후보가 몇개 있었고 예랑이보고 고르라고 했는데 예랑이도 해밀 스튜디오를 골라서 여기로 결정했어요 🙂 맘에 들었으니 계약을 얼른 해야 원하는 날짜에 촬영할 수 있을텐데 제가 아무것도 몰랐던터라..…",https://kgwed.com/%ED%9B%84%EA%B8%B0/?mod=document&uid=17
결직웨딩,포함,업체 선택 기준·후기,"스튜디오·촬영, 드레스",,,황정아 웨딩드레스 계약후기 공유할게요,"오프숄더, 튜브탑 디자인 슬림라인으로 할지 풍성라인으로 할지는 고민이 많이 되었고, 본식은 실크로 해야지 하고 마음먹었어요. 스튜디오는 실크가 아닌 걸로 입자! 해서 살짝 반짝이는(스팽글 과한 건 또 싫어서요) 풍성 1개, 모두 가져간다는 튜브탑 실크 슬림 1개, 좀 특이한 레이스 슬림 1개 이렇게 했어요. 알고 보니 저랑 친한 친구들도…",https://kgwed.com/%ED%9B%84%EA%B8%B0/?mod=document&uid=67
결직웨딩,포함,업체 선택 기준·후기,"드레스, 스드메·패키지",,,황정아웨딩 드메패키지로 계약하고 가봉끝냈어요,"결직웨딩에서 드메패키지 계약하고 가봉까지 끝내고 온 후기 공유해요. 본식 드레스는 무조건 실크를 입고 싶었어요. 실크 중에서도 미카도 실크요! 고급스럽고 단아한 느낌이 나서 좋고, 나중에 봐도 실크 드레스는 촌스럽지 않은 것 같아요. 황정아웨딩은 워낙에 실크로 유명하기도 하고 드레스 투어 때도 입어본 모든 드레스가 다 마음에 들었어요. 저…",https://kgwed.com/%ED%9B%84%EA%B8%B0/?mod=document&uid=62
결직웨딩,제외,분석 제외,,,,시작바이이명순 드디어갑니다,웨딩 준비 서비스나 이슈를 확인하기 어려움,https://kgwed.com/%ED%9B%84%EA%B8%B0/?mod=document&uid=49
